model,cell,h,d,sample_index,category,e2e_seconds,output_tokens,exact_ar_match,spec_steps,accepted_draft_tokens,emitted_accepted_draft_tokens,draft_tokens,ms_per_output_token,ms_per_accepted_draft_token
qwen36,ar_start,0,0,0,human_eval,5.317503415048122,512,True,0,0,0,0,10.385748857515864,
qwen36,ar_start,0,0,1,alpaca,5.308315766975284,512,True,0,0,0,0,10.3678042323736,
qwen36,ar_start,0,0,2,gsm8k,6.106877224519849,512,True,0,0,0,0,11.92749457914033,
qwen36,ar_start,0,0,3,ultra_feedback,6.309703903272748,512,True,0,0,0,0,12.323640436079586,
qwen36,ar_start,0,0,4,human_eval,5.267025785520673,512,True,0,0,0,0,10.287159737345064,
qwen36,ar_start,0,0,5,alpaca,5.394658140838146,512,True,0,0,0,0,10.536441681324504,
qwen36,ar_start,0,0,6,gsm8k,6.047383984550834,512,True,0,0,0,0,11.811296844825847,
qwen36,ar_start,0,0,7,ultra_feedback,6.095793606713414,512,True,0,0,0,0,11.905846888112137,
qwen36,ar_start,0,0,8,human_eval,5.421650525182486,512,True,0,0,0,0,10.589161181997042,
qwen36,ar_start,0,0,9,alpaca,5.421443350613117,512,True,0,0,0,0,10.588756544166245,
qwen36,ar_start,0,0,10,gsm8k,6.143046045675874,512,True,0,0,0,0,11.998136807960691,
qwen36,ar_start,0,0,11,ultra_feedback,6.081792030483484,512,True,0,0,0,0,11.878500059538055,
qwen36,ar_start,0,0,12,human_eval,5.4039167277514935,512,True,0,0,0,0,10.554524858889636,
qwen36,ar_start,0,0,13,alpaca,5.3996960036456585,512,True,0,0,0,0,10.546281257120427,
qwen36,ar_start,0,0,14,gsm8k,5.406174851581454,512,True,0,0,0,0,10.558935256995028,
qwen36,ar_start,0,0,15,ultra_feedback,6.051371902227402,512,True,0,0,0,0,11.819085746537894,
qwen36,h6_d4,6,4,0,human_eval,3.928832655772567,512,False,104,411,408,416,7.6735012808057945,9.629491803364134
qwen36,h6_d4,6,4,1,alpaca,3.9517109245061874,512,False,107,405,405,428,7.718185399426147,9.757310924706635
qwen36,h6_d4,6,4,2,gsm8k,4.622498711571097,512,False,104,409,408,416,9.0283177960373,11.329653704831122
qwen36,h6_d4,6,4,3,ultra_feedback,4.880758099257946,512,False,105,406,406,420,9.532730662613176,12.021571673049127
qwen36,h6_d4,6,4,4,human_eval,3.9624965209513903,512,False,105,407,407,420,7.739251017483184,9.735863687841254
qwen36,h6_d4,6,4,5,alpaca,4.095196103677154,512,False,111,403,401,444,7.998429889994441,10.212459111414349
qwen36,h6_d4,6,4,6,gsm8k,4.64435208030045,512,False,106,405,405,424,9.071000156836817,11.467536000741852
qwen36,h6_d4,6,4,7,ultra_feedback,4.853704294189811,512,False,110,402,402,440,9.479891199589474,12.073891279079131
qwen36,h6_d4,6,4,8,human_eval,3.8986917324364185,512,False,103,408,408,412,7.61463228991488,9.555616991265731
qwen36,h6_d4,6,4,9,alpaca,4.138092000037432,512,False,112,402,400,448,8.082210937573109,10.34523000009358
qwen36,h6_d4,6,4,10,gsm8k,4.777231026440859,512,False,108,407,404,432,9.330529348517302,11.824829273368463
qwen36,h6_d4,6,4,11,ultra_feedback,5.034242743626237,512,False,117,398,395,468,9.832505358644994,12.744918338294271
qwen36,h6_d4,6,4,12,human_eval,3.9106679018586874,512,False,103,410,409,412,7.638023245817749,9.56153521236843
qwen36,h6_d4,6,4,13,alpaca,4.010155150666833,512,False,109,404,403,436,7.832334278646158,9.95075719768445
qwen36,h6_d4,6,4,14,gsm8k,3.8888489194214344,512,True,103,409,409,412,7.595408045744989,9.508188067045072
qwen36,h6_d4,6,4,15,ultra_feedback,4.676538275554776,512,False,106,405,405,424,9.133863819442922,11.547008087789571
qwen36,h2_d32,2,32,0,human_eval,7.478304283693433,512,False,37,491,475,1184,14.606063054088736,15.743798491986174
qwen36,h2_d32,2,32,1,alpaca,12.306257326155901,512,False,62,468,450,1984,24.035658840148244,27.34723850256867
qwen36,h2_d32,2,32,2,gsm8k,10.609462382271886,512,False,53,458,458,1696,20.721606215374777,23.16476502679451
qwen36,h2_d32,2,32,3,ultra_feedback,11.807663971558213,512,False,55,457,457,1760,23.061843694449635,25.837339106254294
qwen36,h2_d32,2,32,4,human_eval,10.62563612870872,512,False,53,480,459,1696,20.75319556388422,23.149534049474337
qwen36,h2_d32,2,32,5,alpaca,15.447854237630963,512,False,78,439,434,2496,30.171590307872975,35.594134188089775
qwen36,h2_d32,2,32,6,gsm8k,11.19742912426591,512,False,56,465,456,1792,21.869978758331854,24.55576562339015
qwen36,h2_d32,2,32,7,ultra_feedback,20.033436918631196,512,False,98,425,414,3136,39.127806481701555,48.38994424790144
qwen36,h2_d32,2,32,8,human_eval,9.800217920914292,512,False,49,477,463,1568,19.141050626785727,21.166777366985514
qwen36,h2_d32,2,32,9,alpaca,13.72573814354837,512,False,69,448,443,2208,26.80808231161791,30.983607547513248
qwen36,h2_d32,2,32,10,gsm8k,16.30334690399468,512,False,82,453,430,2624,31.84247442186461,37.91476024184809
qwen36,h2_d32,2,32,11,ultra_feedback,24.355169877409935,512,False,120,398,392,3840,47.56869116681628,62.13053540155596
qwen36,h2_d32,2,32,12,human_eval,7.473040014505386,512,False,37,497,475,1184,14.595781278330833,15.73271582001134
qwen36,h2_d32,2,32,13,alpaca,20.23532290570438,512,False,103,408,408,3296,39.522115050203865,49.596379670844065
qwen36,h2_d32,2,32,14,gsm8k,7.2802797351032495,512,True,36,475,475,1152,14.219296357623534,15.326904705480525
qwen36,h2_d32,2,32,15,ultra_feedback,10.62455670721829,512,False,53,460,459,1696,20.75108731878572,23.1471823686673
qwen36,h4_d4,4,4,0,human_eval,3.8844588082283735,512,False,106,407,406,424,7.586833609821042,9.5676325325822
qwen36,h4_d4,4,4,1,alpaca,4.14284004829824,512,False,116,396,396,464,8.0914844693325,10.461717293682424
qwen36,h4_d4,4,4,2,gsm8k,4.704607600346208,512,False,109,404,403,436,9.188686719426187,11.67396426884915
qwen36,h4_d4,4,4,3,ultra_feedback,4.943670911714435,512,False,110,401,401,440,9.655607249442255,12.328356388315298
qwen36,h4_d4,4,4,4,human_eval,3.876279093325138,512,False,106,406,406,424,7.57085760415066,9.54748545153975
qwen36,h4_d4,4,4,5,alpaca,4.421759365126491,512,False,124,387,387,496,8.636248760012677,11.425734793608504
qwen36,h4_d4,4,4,6,gsm8k,4.720943007618189,512,False,111,401,401,444,9.220591811754275,11.772925206030395
qwen36,h4_d4,4,4,7,ultra_feedback,5.0549074448645115,512,False,119,393,393,476,9.872866103250999,12.862359910596721
qwen36,h4_d4,4,4,8,human_eval,3.848814560100436,512,False,105,406,406,420,7.5172159376961645,9.47983881798137
qwen36,h4_d4,4,4,9,alpaca,4.1491964012384415,512,False,116,399,396,464,8.103899221168831,10.477768689996065
qwen36,h4_d4,4,4,10,gsm8k,5.174026342108846,512,False,123,392,389,492,10.10552019943134,13.30083892572968
qwen36,h4_d4,4,4,11,ultra_feedback,5.287135343998671,512,False,128,387,384,512,10.326436218747403,13.768581624996537
qwen36,h4_d4,4,4,12,human_eval,3.825181908905506,512,False,104,409,408,416,7.471058415831067,9.375445855160555
qwen36,h4_d4,4,4,13,alpaca,4.40423528291285,512,False,124,389,388,496,8.602022036939161,11.351121863177449
qwen36,h4_d4,4,4,14,gsm8k,3.8047702610492706,512,True,104,411,408,416,7.431191916111857,9.32541730649331
qwen36,h4_d4,4,4,15,ultra_feedback,4.653892079368234,512,False,109,404,403,436,9.089632967516081,11.54811930364326
qwen36,h2_d8,2,8,0,human_eval,4.344816131517291,512,False,73,446,439,584,8.48596900686971,9.897075470426632
qwen36,h2_d8,2,8,1,alpaca,5.982365759089589,512,False,104,412,408,832,11.684308123221854,14.662661174239188
qwen36,h2_d8,2,8,2,gsm8k,5.880602814257145,512,False,87,424,424,696,11.485552371595986,13.869346260040436
qwen36,h2_d8,2,8,3,ultra_feedback,6.136861100792885,512,False,88,424,424,704,11.986056837486103,14.473729011303973
qwen36,h2_d8,2,8,4,human_eval,4.650530008599162,512,True,78,440,434,624,9.083066423045238,10.715506932256133
qwen36,h2_d8,2,8,5,alpaca,5.89557053335011,512,False,102,410,410,816,11.514786197949434,14.37944032524417
qwen36,h2_d8,2,8,6,gsm8k,5.189130917191505,512,False,88,425,424,704,10.135021322639659,12.238516314130909
qwen36,h2_d8,2,8,7,ultra_feedback,7.112917918711901,512,False,109,405,403,872,13.892417809984181,17.649920393826058
qwen36,h2_d8,2,8,8,human_eval,4.9614451471716166,512,False,84,429,428,672,9.690322553069564,11.592161558812188
qwen36,h2_d8,2,8,9,alpaca,5.7331884521991014,512,False,99,414,413,792,11.19763369570137,13.881812232927606
qwen36,h2_d8,2,8,10,gsm8k,5.999192379415035,512,False,89,425,423,712,11.71717261604499,14.182487894598193
qwen36,h2_d8,2,8,11,ultra_feedback,8.24014143832028,512,False,130,384,382,1040,16.094026246719295,21.571050885655183
qwen36,h2_d8,2,8,12,human_eval,4.403515946120024,512,False,74,445,438,592,8.600617082265671,10.05368937470325
qwen36,h2_d8,2,8,13,alpaca,6.474195530638099,512,False,113,398,398,904,12.644913145777537,16.266822941301754
qwen36,h2_d8,2,8,14,gsm8k,3.9097556676715612,512,True,65,447,447,520,7.636241538421018,8.746656974656737
qwen36,h2_d8,2,8,15,ultra_feedback,4.743283687159419,512,False,80,439,432,640,9.26422595148324,10.979823349906063
qwen36,h2_d16,2,16,0,human_eval,5.161526050418615,512,False,48,467,464,768,10.081105567223858,11.12397855693667
qwen36,h2_d16,2,16,1,alpaca,6.85116071999073,512,False,65,446,446,1040,13.381173281231895,15.361346905808812
qwen36,h2_d16,2,16,2,gsm8k,7.432311616837978,512,False,63,448,448,1008,14.516233626636676,16.589981287584774
qwen36,h2_d16,2,16,3,ultra_feedback,12.90874557197094,512,False,114,410,398,1824,25.21239369525574,32.4340341004295
qwen36,h2_d16,2,16,4,human_eval,6.344594767317176,512,False,59,457,453,944,12.391786654916359,14.005727963172573
qwen36,h2_d16,2,16,5,alpaca,8.722172053530812,512,False,83,434,429,1328,17.035492292052368,20.331403388183713
qwen36,h2_d16,2,16,6,gsm8k,6.782426793128252,512,False,64,448,448,1024,13.246927330328617,15.139345520375562
qwen36,h2_d16,2,16,7,ultra_feedback,12.389945860952139,512,False,111,401,401,1776,24.199113009672146,30.897620600878152
qwen36,h2_d16,2,16,8,human_eval,6.189155763015151,512,False,58,462,454,928,12.088194849638967,13.632501680650112
qwen36,h2_d16,2,16,9,alpaca,9.704441700130701,512,False,92,422,420,1472,18.953987695567776,23.105813571739766
qwen36,h2_d16,2,16,10,gsm8k,10.697521256282926,512,False,94,433,418,1504,20.89359620367759,25.59215611550939
qwen36,h2_d16,2,16,11,ultra_feedback,12.052703553810716,512,False,108,407,404,1728,23.540436628536554,29.833424638145335
qwen36,h2_d16,2,16,12,human_eval,7.468816986307502,512,False,71,456,441,1136,14.58753317638184,16.936092939472793
qwen36,h2_d16,2,16,13,alpaca,12.283357873558998,512,False,118,398,394,1888,23.990933346794918,31.176035212078677
qwen36,h2_d16,2,16,14,gsm8k,4.57591256685555,512,True,42,469,469,672,8.937329232139746,9.756743212911621
qwen36,h2_d16,2,16,15,ultra_feedback,6.171994764357805,512,True,58,459,454,928,12.054677274136338,13.594702124136134
qwen36,h4_d16,4,16,0,human_eval,4.467795358970761,512,False,39,479,473,624,8.726162810489768,9.445656150043893
qwen36,h4_d16,4,16,1,alpaca,5.263942928984761,512,False,47,464,464,752,10.281138533173362,11.344704588329227
qwen36,h4_d16,4,16,2,gsm8k,4.833132620900869,512,False,36,475,475,576,9.43971215019701,10.175016044001831
qwen36,h4_d16,4,16,3,ultra_feedback,7.744142444804311,512,False,61,459,451,976,15.12527821250842,17.171047549455235
qwen36,h4_d16,4,16,4,human_eval,3.7065582890063524,512,False,32,485,480,512,7.239371658215532,7.721996435429901
qwen36,h4_d16,4,16,5,alpaca,5.260959528386593,512,False,47,467,465,752,10.275311578880064,11.313891458895899
qwen36,h4_d16,4,16,6,gsm8k,4.977233245968819,512,False,44,475,468,704,9.721158683532849,10.635113773437647
qwen36,h4_d16,4,16,7,ultra_feedback,7.0067439544945955,512,False,56,456,456,896,13.685046786122257,15.365666566874113
qwen36,h4_d16,4,16,8,human_eval,4.347428986802697,512,False,38,488,474,608,8.491072239849018,9.171791111398095
qwen36,h4_d16,4,16,9,alpaca,5.727139817550778,512,False,51,465,461,816,11.185819956153864,12.423296784275008
qwen36,h4_d16,4,16,10,gsm8k,7.15898309648037,512,False,57,470,455,912,13.982388860313222,15.73402878347334
qwen36,h4_d16,4,16,11,ultra_feedback,7.393708785995841,512,False,60,454,452,960,14.440837472648127,16.357762800875754
qwen36,h4_d16,4,16,12,human_eval,5.2631172351539135,512,False,47,470,465,752,10.279525849909987,11.31853168850304
qwen36,h4_d16,4,16,13,alpaca,6.76056214235723,512,False,61,462,451,976,13.204222934291465,14.990159960880776
qwen36,h4_d16,4,16,14,gsm8k,3.5891590267419815,512,True,31,480,480,496,7.010076224105433,7.4774146390457945
qwen36,h4_d16,4,16,15,ultra_feedback,4.975818889215589,512,True,44,469,468,704,9.718396267999196,10.632091643623053
qwen36,h8_d4,8,4,0,human_eval,4.108521454036236,512,False,103,411,409,412,8.024455964914523,10.045284728694954
qwen36,h8_d4,8,4,1,alpaca,4.094129629433155,512,False,105,407,407,420,7.996346932486631,10.059286558803821
qwen36,h8_d4,8,4,2,gsm8k,4.829780885949731,512,False,103,412,409,412,9.433165792870568,11.80875522237098
qwen36,h8_d4,8,4,3,ultra_feedback,5.134567331522703,512,False,105,406,406,420,10.02845181938028,12.646717565326854
qwen36,h8_d4,8,4,4,human_eval,4.100905759260058,512,False,103,411,409,412,8.009581561054802,10.026664448068603
qwen36,h8_d4,8,4,5,alpaca,4.091595232486725,512,False,105,409,407,420,7.9913969384506345,10.053059539279422
qwen36,h8_d4,8,4,6,gsm8k,4.768810965120792,512,False,103,409,409,412,9.314083916251548,11.659684511297781
qwen36,h8_d4,8,4,7,ultra_feedback,4.814858121797442,512,False,103,410,409,412,9.40401976913563,11.772269246448515
qwen36,h8_d4,8,4,8,human_eval,4.1127320528030396,512,False,103,412,409,412,8.032679790630937,10.055579591205476
qwen36,h8_d4,8,4,9,alpaca,4.103687891736627,512,False,105,406,406,420,8.015015413548099,10.107605644671494
qwen36,h8_d4,8,4,10,gsm8k,4.840962067246437,512,False,104,409,408,416,9.455004037590697,11.86510310599617
qwen36,h8_d4,8,4,11,ultra_feedback,4.81918340921402,512,False,105,410,407,420,9.412467596121132,11.840745477184324
qwen36,h8_d4,8,4,12,human_eval,4.11844147183001,512,False,103,409,409,412,8.043830999667989,10.069539050929121
qwen36,h8_d4,8,4,13,alpaca,4.040482142940164,512,False,104,408,408,416,7.891566685430007,9.903142507206283
qwen36,h8_d4,8,4,14,gsm8k,4.109721355140209,512,True,103,412,409,412,8.026799521758221,10.04821847222545
qwen36,h8_d4,8,4,15,ultra_feedback,4.810336096212268,512,False,104,410,408,416,9.395187687914586,11.790039451500656
qwen36,h8_d16,8,16,0,human_eval,3.9837224446237087,512,False,31,483,481,496,7.780707899655681,8.282167244539934
qwen36,h8_d16,8,16,1,alpaca,4.042080815881491,512,False,32,491,480,512,7.8946890935185365,8.421001699753106
qwen36,h8_d16,8,16,2,gsm8k,4.693208342418075,512,False,31,486,481,496,9.166422543785302,9.757189901077078
qwen36,h8_d16,8,16,3,ultra_feedback,5.128083232790232,512,False,33,489,479,528,10.015787564043421,10.705810506868959
qwen36,h8_d16,8,16,4,human_eval,3.9908818751573563,512,False,31,496,481,496,7.7946911624167114,8.297051715503859
qwen36,h8_d16,8,16,5,alpaca,4.159692745655775,512,False,33,484,479,528,8.124399893858936,8.684118466922286
qwen36,h8_d16,8,16,6,gsm8k,4.202251836657524,512,False,33,491,479,528,8.207523118471727,8.77296834375266
qwen36,h8_d16,8,16,7,ultra_feedback,4.8886074516922235,512,False,33,494,479,528,9.548061429086374,10.20586106825099
qwen36,h8_d16,8,16,8,human_eval,4.098507504910231,512,False,32,494,480,512,8.004897470527794,8.538557301896313
qwen36,h8_d16,8,16,9,alpaca,3.925822738558054,512,False,31,480,480,496,7.667622536246199,8.178797371995946
qwen36,h8_d16,8,16,10,gsm8k,4.918208751827478,512,False,33,491,479,528,9.605876468413044,10.267659189618954
qwen36,h8_d16,8,16,11,ultra_feedback,5.095402287319303,512,False,35,490,477,560,9.951957592420513,10.682185088719711
qwen36,h8_d16,8,16,12,human_eval,3.91718427836895,512,False,31,483,481,496,7.650750543689355,8.143834258563306
qwen36,h8_d16,8,16,13,alpaca,4.133568624034524,512,False,33,483,479,528,8.07337621881743,8.629579590886271
qwen36,h8_d16,8,16,14,gsm8k,3.9853905253112316,512,True,31,496,481,496,7.783965869748499,8.285635187757238
qwen36,h8_d16,8,16,15,ultra_feedback,4.063018124550581,512,True,32,494,480,512,7.9355822745128535,8.46462109281371
qwen36,h2_d4,2,4,0,human_eval,4.196662263944745,512,False,120,392,392,480,8.19660598426708,10.705771081491697
qwen36,h2_d4,2,4,1,alpaca,4.706826636567712,512,False,138,374,374,552,9.193020774546312,12.585097958737197
qwen36,h2_d4,2,4,2,gsm8k,4.764060705900192,512,False,117,396,395,468,9.304806066211313,12.060913179494158
qwen36,h2_d4,2,4,3,ultra_feedback,5.434736667200923,512,False,130,382,382,520,10.614720053126803,14.227059338222311
qwen36,h2_d4,2,4,4,human_eval,4.056330047547817,512,False,116,397,396,464,7.9225196241168305,10.243257695827822
qwen36,h2_d4,2,4,5,alpaca,5.044605078175664,512,False,148,364,364,592,9.852744293311844,13.858805159823252
qwen36,h2_d4,2,4,6,gsm8k,4.920698635280132,512,False,123,388,388,492,9.610739522031508,12.682212977526115
qwen36,h2_d4,2,4,7,ultra_feedback,5.6375669073313475,512,False,142,370,370,568,11.010872865881538,15.236667317111749
qwen36,h2_d4,2,4,8,human_eval,4.163776874542236,512,False,119,396,393,476,8.132376708090305,10.594852098071849
qwen36,h2_d4,2,4,9,alpaca,4.715624652802944,512,False,138,374,374,552,9.21020440000575,12.608622066318032
qwen36,h2_d4,2,4,10,gsm8k,5.156209455803037,512,False,128,383,383,512,10.070721593365306,13.462687874159364
qwen36,h2_d4,2,4,11,ultra_feedback,6.116418778896332,512,False,158,357,354,632,11.946130427531898,17.278019149424665
qwen36,h2_d4,2,4,12,human_eval,3.7724045645445585,512,False,107,408,405,428,7.367977665126091,9.314579171714959
qwen36,h2_d4,2,4,13,alpaca,5.460319492965937,512,False,161,350,350,644,10.664686509699095,15.600912837045533
qwen36,h2_d4,2,4,14,gsm8k,3.9222721699625254,512,True,112,402,400,448,7.660687831958057,9.805680424906313
qwen36,h2_d4,2,4,15,ultra_feedback,4.888695899397135,512,False,121,393,391,484,9.548234178510029,12.503058566233081
qwen36,h8_d32,8,32,0,human_eval,4.23276998475194,512,False,17,515,495,544,8.267128876468632,8.551050474246344
qwen36,h8_d32,8,32,1,alpaca,4.6547595001757145,512,False,19,504,493,608,9.091327148780692,9.441702840113011
qwen36,h8_d32,8,32,2,gsm8k,4.223581526428461,512,False,17,522,495,544,8.249182668805588,8.532487932178709
qwen36,h8_d32,8,32,3,ultra_feedback,5.493931105360389,512,False,19,501,493,608,10.73033419015701,11.143876481461234
qwen36,h8_d32,8,32,4,human_eval,4.213511390611529,512,False,17,500,495,544,8.229514434788143,8.512144223457636
qwen36,h8_d32,8,32,5,alpaca,4.415899531915784,512,False,18,508,494,576,8.624803773273015,8.939067878372033
qwen36,h8_d32,8,32,6,gsm8k,4.2171286921948195,512,False,17,514,495,544,8.236579476943007,8.519451903423878
qwen36,h8_d32,8,32,7,ultra_feedback,5.510741313919425,512,False,20,508,492,640,10.763166628748877,11.200693727478507
qwen36,h8_d32,8,32,8,human_eval,4.450982090085745,512,False,18,525,494,576,8.69332439469872,9.010085202602722
qwen36,h8_d32,8,32,9,alpaca,4.4185963701456785,512,False,18,498,494,576,8.630071035440778,8.944527065072224
qwen36,h8_d32,8,32,10,gsm8k,4.216949297115207,512,False,17,505,495,544,8.236229095928138,8.51908948912163
qwen36,h8_d32,8,32,11,ultra_feedback,5.688199521973729,512,False,21,511,491,672,11.10976469135494,11.58492774332735
qwen36,h8_d32,8,32,12,human_eval,3.9906648695468903,512,False,16,512,496,512,7.79426732333377,8.045695301505827
qwen36,h8_d32,8,32,13,alpaca,4.619084836915135,512,False,19,519,493,608,9.021650072099874,9.369340439990133
qwen36,h8_d32,8,32,14,gsm8k,3.958624642342329,512,True,16,512,496,512,7.731688754574861,7.981098069238566
qwen36,h8_d32,8,32,15,ultra_feedback,4.205141685903072,512,False,17,519,495,544,8.213167355279438,8.495235729097116
qwen36,h4_d8,4,8,0,human_eval,4.013308504596353,512,False,64,453,448,512,7.838493173039751,8.95827791204543
qwen36,h4_d8,4,8,1,alpaca,4.559777658432722,512,False,75,436,436,600,8.90581573912641,10.458205638607161
qwen36,h4_d8,4,8,2,gsm8k,4.670288315042853,512,False,63,448,448,504,9.121656865318073,10.424750703220655
qwen36,h4_d8,4,8,3,ultra_feedback,5.090826693922281,512,False,67,445,445,536,9.943020886566956,11.440059986342206
qwen36,h4_d8,4,8,4,human_eval,3.8448509108275175,512,True,61,451,451,488,7.509474435209995,8.525168316690726
qwen36,h4_d8,4,8,5,alpaca,4.277130600064993,512,False,70,441,441,560,8.35377070325194,9.698708843684791
qwen36,h4_d8,4,8,6,gsm8k,4.546040628105402,512,False,73,440,439,584,8.878985601768363,10.355445622107977
qwen36,h4_d8,4,8,7,ultra_feedback,5.239793412387371,512,False,73,438,438,584,10.233971508569084,11.962998658418655
qwen36,h4_d8,4,8,8,human_eval,4.0139993112534285,512,False,64,450,448,512,7.8398424047918525,8.959819891190689
qwen36,h4_d8,4,8,9,alpaca,4.344415260478854,512,False,71,447,441,568,8.485186055622762,9.85128176979332
qwen36,h4_d8,4,8,10,gsm8k,5.2673468589782715,512,False,73,444,439,584,10.287786833941936,11.998512207239798
qwen36,h4_d8,4,8,11,ultra_feedback,6.034518592059612,512,False,87,427,425,696,11.78616912511643,14.198867275434381
qwen36,h4_d8,4,8,12,human_eval,3.7190997432917356,512,False,59,459,453,472,7.263866686116671,8.209933208149527
qwen36,h4_d8,4,8,13,alpaca,4.963528715074062,512,False,82,429,429,656,9.694392021629028,11.569997004834644
qwen36,h4_d8,4,8,14,gsm8k,3.696292459964752,512,True,59,456,453,472,7.219321210868657,8.159586004337202
qwen36,h4_d8,4,8,15,ultra_feedback,4.1294275261461735,512,False,66,451,446,528,8.065288137004245,9.258806112435366
qwen36,h6_d16,6,16,0,human_eval,3.8444130942225456,512,False,32,486,480,512,7.508619324653409,8.00919394629697
qwen36,h6_d16,6,16,1,alpaca,5.022119529545307,512,False,43,479,469,688,9.808827206143178,10.708143986237328
qwen36,h6_d16,6,16,2,gsm8k,4.684827897697687,512,False,33,478,478,528,9.150054487690795,9.800895183467965
qwen36,h6_d16,6,16,3,ultra_feedback,5.857738867402077,512,False,42,478,470,672,11.440896225394681,12.463274185961865
qwen36,h6_d16,6,16,4,human_eval,3.9721461199223995,512,False,33,484,479,528,7.758097890473437,8.292580626142797
qwen36,h6_d16,6,16,5,alpaca,4.447800384834409,512,False,38,478,474,608,8.687110126629705,9.383545115684406
qwen36,h6_d16,6,16,6,gsm8k,4.034009167924523,512,False,34,477,477,544,7.878924156102585,8.4570422807642
qwen36,h6_d16,6,16,7,ultra_feedback,5.66591908223927,512,False,42,480,470,672,11.066248207498575,12.055146983487809
qwen36,h6_d16,6,16,8,human_eval,3.834766134619713,512,False,32,494,480,512,7.489777606679127,7.989096113791068
qwen36,h6_d16,6,16,9,alpaca,4.349432284012437,512,False,37,479,475,592,8.49498492971179,9.15669954528934
qwen36,h6_d16,6,16,10,gsm8k,5.575469475239515,512,False,41,486,471,656,10.889588818827178,11.837514809425722
qwen36,h6_d16,6,16,11,ultra_feedback,6.208450568839908,512,False,47,475,465,752,12.125880017265445,13.351506599655716
qwen36,h6_d16,6,16,12,human_eval,4.568708000704646,512,False,39,486,473,624,8.923257813876262,9.659002115654642
qwen36,h6_d16,6,16,13,alpaca,5.000851362943649,512,False,43,473,469,688,9.767287818249315,10.6627960830355
qwen36,h6_d16,6,16,14,gsm8k,3.704884024336934,512,True,31,480,480,496,7.236101610033074,7.718508384035279
qwen36,h6_d16,6,16,15,ultra_feedback,4.256577171385288,512,True,36,477,476,576,8.313627287861891,8.942389015515312
qwen36,h4_d32,4,32,0,human_eval,5.226338693872094,512,False,24,502,488,768,10.207692761468934,10.709710438262489
qwen36,h4_d32,4,32,1,alpaca,7.259842451661825,512,False,34,508,478,1088,14.179379788402002,15.187954919794613
qwen36,h4_d32,4,32,2,gsm8k,5.0142647828906775,512,False,23,488,488,736,9.793485904083354,10.275132751825158
qwen36,h4_d32,4,32,3,ultra_feedback,7.67249147221446,512,False,32,498,480,1024,14.985334906668868,15.984357233780125
qwen36,h4_d32,4,32,4,human_eval,4.79441131465137,512,False,22,521,490,704,9.364084598928457,9.784512887043613
qwen36,h4_d32,4,32,5,alpaca,7.672297110781074,512,False,36,489,476,1152,14.984955294494284,16.11827124113671
qwen36,h4_d32,4,32,6,gsm8k,7.913790484890342,512,False,37,478,475,1184,15.456622040801449,16.660611547137563
qwen36,h4_d32,4,32,7,ultra_feedback,11.207530535757542,512,False,50,463,462,1600,21.88970807765145,24.258724103371303
qwen36,h4_d32,4,32,8,human_eval,5.620890920981765,512,False,26,485,485,832,10.97830258004251,11.589465816457247
qwen36,h4_d32,4,32,9,alpaca,7.261823430657387,512,False,34,483,478,1088,14.183248888002709,15.192099227316708
qwen36,h4_d32,4,32,10,gsm8k,10.20479585789144,512,False,48,478,464,1536,19.93124190994422,21.993094521317758
qwen36,h4_d32,4,32,11,ultra_feedback,14.34164117462933,512,False,65,453,447,2080,28.01101791919791,32.08420844436092
qwen36,h4_d32,4,32,12,human_eval,4.3894730024039745,512,False,20,492,492,640,8.573189457820263,8.921693094317021
qwen36,h4_d32,4,32,13,alpaca,10.302361099049449,512,False,49,462,462,1568,20.121799021580955,22.29948289837543
qwen36,h4_d32,4,32,14,gsm8k,3.9547549802809954,512,True,18,504,494,576,7.724130820861319,8.00557688315991
qwen36,h4_d32,4,32,15,ultra_feedback,6.267917759716511,512,False,29,514,483,928,12.24202687444631,12.977055403139774
qwen36,h6_d8,6,8,0,human_eval,3.8204432670027018,512,False,59,458,453,472,7.461803255864652,8.433649596032454
qwen36,h6_d8,6,8,1,alpaca,3.906874308362603,512,False,62,453,450,496,7.630613883520709,8.681942907472452
qwen36,h6_d8,6,8,2,gsm8k,4.554779237136245,512,False,59,453,453,472,8.896053197531728,10.054700302729017
qwen36,h6_d8,6,8,3,ultra_feedback,5.0209267400205135,512,False,63,449,449,504,9.806497539102565,11.18246489982297
qwen36,h6_d8,6,8,4,human_eval,3.829813553020358,512,True,59,460,453,472,7.480104595742887,8.454334554128826
qwen36,h6_d8,6,8,5,alpaca,3.881667125970125,512,False,61,456,451,488,7.581381105410401,8.606800722771895
qwen36,h6_d8,6,8,6,gsm8k,4.228224044665694,512,False,65,448,447,520,8.258250087237684,9.459114193882986
qwen36,h6_d8,6,8,7,ultra_feedback,4.965562880039215,512,False,65,447,447,520,9.698365000076592,11.108641789796902
qwen36,h6_d8,6,8,8,human_eval,3.791486259549856,512,False,58,455,454,464,7.405246600683313,8.351291320594397
qwen36,h6_d8,6,8,9,alpaca,4.077845731750131,512,False,64,448,448,512,7.964542444824474,9.102334222656541
qwen36,h6_d8,6,8,10,gsm8k,4.895007515326142,512,False,64,453,448,512,9.560561553371372,10.926356060995854
qwen36,h6_d8,6,8,11,ultra_feedback,5.059957617893815,512,False,68,446,444,544,9.882729722448858,11.396300941202286
qwen36,h6_d8,6,8,12,human_eval,3.7337073516100645,512,False,57,455,455,456,7.292397171113407,8.205950223318823
qwen36,h6_d8,6,8,13,alpaca,4.167187696322799,512,False,66,445,445,528,8.139038469380466,9.36446673330966
qwen36,h6_d8,6,8,14,gsm8k,3.8080321568995714,512,True,58,457,454,464,7.437562806444475,8.387736028413153
qwen36,h6_d8,6,8,15,ultra_feedback,3.9664597176015377,512,False,61,456,451,488,7.746991635940503,8.794810903772811
qwen36,h6_d32,6,32,0,human_eval,4.378141403198242,512,False,19,511,493,608,8.551057428121567,8.880611365513676
qwen36,h6_d32,6,32,1,alpaca,6.276912204921246,512,False,28,506,484,896,12.259594150236808,12.968826869671995
qwen36,h6_d32,6,32,2,gsm8k,4.367556236684322,512,False,19,494,493,608,8.530383274774067,8.859140439521951
qwen36,h6_d32,6,32,3,ultra_feedback,6.9561526365578175,512,False,27,503,485,864,13.586235618276987,14.342582755789314
qwen36,h6_d32,6,32,4,human_eval,4.138950668275356,512,False,18,525,494,576,8.083888023975305,8.378442648330681
qwen36,h6_d32,6,32,5,alpaca,4.973329748958349,512,False,22,503,490,704,9.713534665934276,10.14965254889459
qwen36,h6_d32,6,32,6,gsm8k,5.22464151494205,512,False,23,510,489,736,10.204377958871191,10.684338476364111
qwen36,h6_d32,6,32,7,ultra_feedback,7.370194727554917,512,False,30,493,482,960,14.394911577255698,15.290860430611861
qwen36,h6_d32,6,32,8,human_eval,4.359503211453557,512,False,19,524,493,608,8.514654709870229,8.842805702745551
qwen36,h6_d32,6,32,9,alpaca,6.499555787071586,512,False,29,488,483,928,12.69444489662419,13.456637240313842
qwen36,h6_d32,6,32,10,gsm8k,5.877965688705444,512,False,26,496,486,832,11.480401735752821,12.094579606389804
qwen36,h6_d32,6,32,11,ultra_feedback,7.338341951370239,512,False,30,489,482,960,14.332699123769999,15.224775832718338
qwen36,h6_d32,6,32,12,human_eval,4.154832307249308,512,False,18,519,494,576,8.114906850096304,8.41059171507957
qwen36,h6_d32,6,32,13,alpaca,6.677902949973941,512,False,30,489,482,960,13.042779199167853,13.854570435630583
qwen36,h6_d32,6,32,14,gsm8k,3.9109521564096212,512,True,17,516,495,544,7.6385784304875415,7.900913447292164
qwen36,h6_d32,6,32,15,ultra_feedback,4.575951602309942,512,False,20,523,492,640,8.937405473261606,9.300714638841345
qwen36,h8_d8,8,8,0,human_eval,4.022949166595936,512,False,58,459,454,464,7.857322591007687,8.86112151232585
qwen36,h8_d8,8,8,1,alpaca,3.9797961562871933,512,False,59,456,453,472,7.773039367748424,8.785421978558926
qwen36,h8_d8,8,8,2,gsm8k,4.652252389118075,512,False,57,456,455,456,9.086430447496241,10.224730525534232
qwen36,h8_d8,8,8,3,ultra_feedback,4.912870150059462,512,False,58,458,454,464,9.595449511834886,10.821299889998814
qwen36,h8_d8,8,8,4,human_eval,3.966048864647746,512,True,57,455,455,456,7.746189188765129,8.716590911313729
qwen36,h8_d8,8,8,5,alpaca,3.9925214238464832,512,False,59,456,453,472,7.797893405950163,8.813513076923805
qwen36,h8_d8,8,8,6,gsm8k,4.01783974468708,512,False,58,455,454,464,7.847343251341954,8.849867279046432
qwen36,h8_d8,8,8,7,ultra_feedback,4.824131237342954,512,False,60,457,452,480,9.422131322935456,10.672856719785296
qwen36,h8_d8,8,8,8,human_eval,3.953979382291436,512,False,57,456,455,456,7.722615981037961,8.690064576464694
qwen36,h8_d8,8,8,9,alpaca,4.001745652407408,512,False,59,460,453,472,7.815909477358218,8.833875612378383
qwen36,h8_d8,8,8,10,gsm8k,4.854935571551323,512,False,60,455,452,480,9.482296038186178,10.741007901662218
qwen36,h8_d8,8,8,11,ultra_feedback,4.724134204909205,512,False,59,460,453,472,9.226824618963292,10.428552328717894
qwen36,h8_d8,8,8,12,human_eval,3.95688558742404,512,False,57,456,455,456,7.728292162937578,8.696451840492395
qwen36,h8_d8,8,8,13,alpaca,3.9636168275028467,512,False,59,458,453,472,7.7414391162164975,8.749706020977587
qwen36,h8_d8,8,8,14,gsm8k,3.9712248872965574,512,True,57,456,455,456,7.756298608001089,8.727966785267158
qwen36,h8_d8,8,8,15,ultra_feedback,3.9447801038622856,512,False,57,456,455,456,7.704648640356027,8.669846382114914
qwen36,ar_end,0,0,0,human_eval,5.4026276506483555,512,True,0,0,0,0,10.55200713017257,
qwen36,ar_end,0,0,1,alpaca,5.398351866751909,512,True,0,0,0,0,10.543655989749823,
qwen36,ar_end,0,0,2,gsm8k,5.4075574073940516,512,True,0,0,0,0,10.561635561316507,
qwen36,ar_end,0,0,3,ultra_feedback,5.419687740504742,512,True,0,0,0,0,10.585327618173324,
qwen36,ar_end,0,0,4,human_eval,5.416512353345752,512,True,0,0,0,0,10.579125690128421,
qwen36,ar_end,0,0,5,alpaca,5.418804982677102,512,True,0,0,0,0,10.583603481791215,
qwen36,ar_end,0,0,6,gsm8k,5.3587333261966705,512,True,0,0,0,0,10.466276027727872,
qwen36,ar_end,0,0,7,ultra_feedback,5.444895440712571,512,True,0,0,0,0,10.63456140764174,
qwen36,ar_end,0,0,8,human_eval,5.429060097783804,512,True,0,0,0,0,10.603633003483992,
qwen36,ar_end,0,0,9,alpaca,5.4169177040457726,512,True,0,0,0,0,10.5799173907144,
qwen36,ar_end,0,0,10,gsm8k,5.44047312811017,512,True,0,0,0,0,10.625924078340176,
qwen36,ar_end,0,0,11,ultra_feedback,5.431488590314984,512,True,0,0,0,0,10.608376152958954,
qwen36,ar_end,0,0,12,human_eval,5.442280797287822,512,True,0,0,0,0,10.629454682202777,
qwen36,ar_end,0,0,13,alpaca,5.415060020983219,512,True,0,0,0,0,10.57628910348285,
qwen36,ar_end,0,0,14,gsm8k,5.424422485753894,512,True,0,0,0,0,10.594575167488074,
qwen36,ar_end,0,0,15,ultra_feedback,5.464027535170317,512,True,0,0,0,0,10.671928779629525,
gemma4,ar_start,0,0,0,human_eval,5.576627280563116,512,True,0,0,0,0,10.891850157349836,
gemma4,ar_start,0,0,1,alpaca,6.205417213961482,512,True,0,0,0,0,12.11995549601852,
gemma4,ar_start,0,0,2,gsm8k,6.23634378425777,512,True,0,0,0,0,12.180358953628456,
gemma4,ar_start,0,0,3,ultra_feedback,6.476563133299351,512,True,0,0,0,0,12.649537369725294,
gemma4,ar_start,0,0,4,human_eval,5.628569690510631,512,True,0,0,0,0,10.993300176778575,
gemma4,ar_start,0,0,5,alpaca,5.5979015082120895,512,True,0,0,0,0,10.933401383226737,
gemma4,ar_start,0,0,6,gsm8k,6.2350510861724615,512,True,0,0,0,0,12.177834152680589,
gemma4,ar_start,0,0,7,ultra_feedback,6.289658660069108,512,True,0,0,0,0,12.284489570447477,
gemma4,ar_start,0,0,8,human_eval,6.288399478420615,512,True,0,0,0,0,12.282030231290264,
gemma4,ar_start,0,0,9,alpaca,5.600593877956271,512,True,0,0,0,0,10.938659917883342,
gemma4,ar_start,0,0,10,gsm8k,6.28377983532846,512,True,0,0,0,0,12.273007490875898,
gemma4,ar_start,0,0,11,ultra_feedback,5.616374464705586,512,True,0,0,0,0,10.969481376378099,
gemma4,ar_start,0,0,12,human_eval,5.625193614512682,512,True,0,0,0,0,10.986706278345082,
gemma4,ar_start,0,0,13,alpaca,5.593417093157768,512,True,0,0,0,0,10.924642760073766,
gemma4,ar_start,0,0,14,gsm8k,5.616384077817202,512,True,0,0,0,0,10.969500151986722,
gemma4,ar_start,0,0,15,ultra_feedback,6.235790982842445,512,True,0,0,0,0,12.179279263364151,
gemma4,h6_d4,6,4,0,human_eval,4.096959730610251,512,False,103,412,409,412,8.001874473848147,10.017016456259784
gemma4,h6_d4,6,4,1,alpaca,4.185137040913105,512,False,104,409,408,416,8.174095783033408,10.257688825767413
gemma4,h6_d4,6,4,2,gsm8k,4.8778591845184565,512,False,103,412,409,412,9.52706871976261,11.926306074617253
gemma4,h6_d4,6,4,3,ultra_feedback,5.236340746283531,512,False,105,407,407,420,10.227228020085022,12.865702079320716
gemma4,h6_d4,6,4,4,human_eval,4.561720781028271,512,False,111,401,401,444,8.909610900445841,11.375862296828606
gemma4,h6_d4,6,4,5,alpaca,4.138785995543003,512,False,107,408,405,428,8.083566397544928,10.219224680353094
gemma4,h6_d4,6,4,6,gsm8k,4.863125404343009,512,True,103,412,409,412,9.49829180535744,11.890282162207846
gemma4,h6_d4,6,4,7,ultra_feedback,4.902014018967748,512,False,104,409,408,416,9.574246130796382,12.01474024256801
gemma4,h6_d4,6,4,8,human_eval,4.836101787164807,512,True,103,409,409,412,9.445511303056264,11.824209748569212
gemma4,h6_d4,6,4,9,alpaca,4.1352412439882755,512,False,103,412,409,412,8.0766430546646,10.11061428847989
gemma4,h6_d4,6,4,10,gsm8k,4.987832432612777,512,False,105,407,407,420,9.74186021994683,12.255116542046135
gemma4,h6_d4,6,4,11,ultra_feedback,4.6989686768502,512,False,115,400,397,460,9.177673196973046,11.836193140680603
gemma4,h6_d4,6,4,12,human_eval,4.5206962171942,512,False,110,403,402,440,8.829484799207421,11.245512978095023
gemma4,h6_d4,6,4,13,alpaca,3.906388619914651,512,False,104,408,408,416,7.629665273270803,9.574481911555518
gemma4,h6_d4,6,4,14,gsm8k,4.481748327612877,512,False,110,404,402,440,8.7534147023689,11.148627680629048
gemma4,h6_d4,6,4,15,ultra_feedback,4.204386584460735,512,False,103,408,408,412,8.211692547774874,10.304869079560627
gemma4,h2_d32,2,32,0,human_eval,5.290672579780221,512,False,24,491,488,768,10.333344882383244,10.84154217168078
gemma4,h2_d32,2,32,1,alpaca,3.723235063254833,512,False,17,513,495,544,7.271943482919596,7.52168699647441
gemma4,h2_d32,2,32,2,gsm8k,6.07220671325922,512,False,28,507,484,896,11.859778736834414,12.54588163896533
gemma4,h2_d32,2,32,3,ultra_feedback,7.101105639711022,512,False,29,514,483,928,13.86934695256059,14.702082069795077
gemma4,h2_d32,2,32,4,human_eval,6.507436290383339,512,False,30,493,482,960,12.709836504654959,13.500905166770412
gemma4,h2_d32,2,32,5,alpaca,3.9192622397094965,512,False,18,512,494,576,7.65480906193261,7.933729230181167
gemma4,h2_d32,2,32,6,gsm8k,5.427050417289138,512,False,25,515,487,800,10.599707846267847,11.1438406925855
gemma4,h2_d32,2,32,7,ultra_feedback,19.825618900358677,512,False,90,429,422,2880,38.72191191476304,46.98013957430966
gemma4,h2_d32,2,32,8,human_eval,8.384068798273802,512,False,36,498,476,1152,16.37513437162852,17.61358991233992
gemma4,h2_d32,2,32,9,alpaca,3.90778717584908,512,True,18,517,494,576,7.6323968278302345,7.9105003559697975
gemma4,h2_d32,2,32,10,gsm8k,3.7454037331044674,512,False,17,507,495,544,7.315241666219663,7.566472188089833
gemma4,h2_d32,2,32,11,ultra_feedback,16.604464031755924,512,False,77,435,435,2464,32.43059381202329,38.17118168219753
gemma4,h2_d32,2,32,12,human_eval,10.353263398632407,512,False,48,469,464,1536,20.22121757545392,22.313067669466395
gemma4,h2_d32,2,32,13,alpaca,3.649412950500846,512,False,17,512,495,544,7.127759668946965,7.372551415153224
gemma4,h2_d32,2,32,14,gsm8k,5.824504131451249,512,False,27,512,485,864,11.375984631740721,12.009286868971648
gemma4,h2_d32,2,32,15,ultra_feedback,3.7551725320518017,512,False,17,509,495,544,7.334321351663675,7.586207135458185
gemma4,h4_d4,4,4,0,human_eval,4.09576359577477,512,False,106,406,406,424,7.999538272997597,10.088087674322093
gemma4,h4_d4,4,4,1,alpaca,3.893046548590064,512,False,103,410,409,412,7.603606540214969,9.51845121904661
gemma4,h4_d4,4,4,2,gsm8k,5.10763849131763,512,False,116,395,395,464,9.975856428354746,12.930730357766151
gemma4,h4_d4,4,4,3,ultra_feedback,5.0368041433393955,512,False,107,405,405,428,9.837508092459757,12.436553440344186
gemma4,h4_d4,4,4,4,human_eval,4.184438921511173,512,False,109,403,403,436,8.17273226857651,10.383223130300678
gemma4,h4_d4,4,4,5,alpaca,3.8985072281211615,512,False,103,412,409,412,7.6142719299241435,9.53180251374367
gemma4,h4_d4,4,4,6,gsm8k,4.683212788775563,512,False,105,406,406,420,9.146899978077272,11.535006868905327
gemma4,h4_d4,4,4,7,ultra_feedback,4.76535340026021,512,False,105,406,406,420,9.307330859883223,11.737323645961109
gemma4,h4_d4,4,4,8,human_eval,4.8886352479457855,512,False,109,402,402,436,9.548115718644112,12.160784198870113
gemma4,h4_d4,4,4,9,alpaca,3.883070470765233,512,False,103,408,408,412,7.584122013213346,9.517329585208904
gemma4,h4_d4,4,4,10,gsm8k,4.535342512652278,512,False,103,408,408,412,8.85809084502398,11.116035570226172
gemma4,h4_d4,4,4,11,ultra_feedback,4.4756373800337315,512,False,117,397,395,468,8.741479257878382,11.330727544389193
gemma4,h4_d4,4,4,12,human_eval,4.43679659999907,512,False,115,396,396,460,8.665618359373184,11.20403181817947
gemma4,h4_d4,4,4,13,alpaca,3.6770768463611603,512,False,103,408,408,412,7.181790715549141,9.012443250885196
gemma4,h4_d4,4,4,14,gsm8k,4.025985801592469,512,False,106,409,406,424,7.863253518735291,9.916221186188348
gemma4,h4_d4,4,4,15,ultra_feedback,3.964583868160844,512,False,104,409,408,416,7.743327867501648,9.717117323923636
gemma4,h2_d8,2,8,0,human_eval,5.100836219266057,512,False,79,432,432,632,9.962570740754018,11.807491248301059
gemma4,h2_d8,2,8,1,alpaca,3.7274562660604715,512,False,59,457,453,472,7.2801880196493585,8.228380278279186
gemma4,h2_d8,2,8,2,gsm8k,4.8223827034235,512,False,64,449,448,512,9.418716217624024,10.764247105856027
gemma4,h2_d8,2,8,3,ultra_feedback,5.101353392004967,512,False,64,455,448,512,9.9635808437597,11.386949535725373
gemma4,h2_d8,2,8,4,human_eval,4.3428918439894915,512,False,67,449,445,536,8.482210632791976,9.759307514583126
gemma4,h2_d8,2,8,5,alpaca,4.060448465868831,512,False,64,454,448,512,7.93056340990006,9.063501039885782
gemma4,h2_d8,2,8,6,gsm8k,4.661196026951075,512,True,62,453,450,496,9.103898490138818,10.35821339322461
gemma4,h2_d8,2,8,7,ultra_feedback,5.6539225578308105,512,False,77,434,434,616,11.042817495763302,13.027471331407398
gemma4,h2_d8,2,8,8,human_eval,4.436995917931199,512,True,59,456,453,472,8.666007652209373,9.79469297556556
gemma4,h2_d8,2,8,9,alpaca,3.648092517629266,512,True,58,456,454,464,7.12518069849466,8.035446074073272
gemma4,h2_d8,2,8,10,gsm8k,4.350807797163725,512,False,58,456,454,464,8.4976714788354,9.583277086263712
gemma4,h2_d8,2,8,11,ultra_feedback,4.955561891198158,512,False,78,435,434,624,9.678831818746403,11.418345371424328
gemma4,h2_d8,2,8,12,human_eval,4.795173227787018,512,False,74,438,438,592,9.36557271052152,10.94788408170552
gemma4,h2_d8,2,8,13,alpaca,3.531479375436902,512,False,59,457,453,472,6.897420655150199,7.795760210677488
gemma4,h2_d8,2,8,14,gsm8k,5.125766023993492,512,False,80,432,432,640,10.01126176561229,11.865199129614565
gemma4,h2_d8,2,8,15,ultra_feedback,3.7655878495424986,512,False,58,457,454,464,7.3546637686376926,8.294246364631054
gemma4,h2_d16,2,16,0,human_eval,4.473075417801738,512,False,39,476,473,624,8.73647542539402,9.456819065119953
gemma4,h2_d16,2,16,1,alpaca,3.6704229544848204,512,False,32,481,480,512,7.168794832978165,7.646714488510042
gemma4,h2_d16,2,16,2,gsm8k,4.7422388810664415,512,False,35,486,477,560,9.262185314582894,9.941800589237824
gemma4,h2_d16,2,16,3,ultra_feedback,5.50104895606637,512,False,40,475,472,640,10.744236242317129,11.65476473742875
gemma4,h2_d16,2,16,4,human_eval,6.769170831888914,512,False,59,453,453,944,13.221036781033035,14.9429819688497
gemma4,h2_d16,2,16,5,alpaca,4.273606130853295,512,False,37,488,475,592,8.346886974322842,8.997065538638516
gemma4,h2_d16,2,16,6,gsm8k,4.063343921676278,512,True,35,486,477,560,7.936218597023981,8.51854071630247
gemma4,h2_d16,2,16,7,ultra_feedback,5.225780436769128,512,False,39,473,473,624,10.206602415564703,11.048161599934732
gemma4,h2_d16,2,16,8,human_eval,4.710881182923913,512,True,35,487,477,560,9.200939810398268,9.87606118013399
gemma4,h2_d16,2,16,9,alpaca,3.6563230231404305,512,True,32,485,480,512,7.141255904571153,7.617339631542563
gemma4,h2_d16,2,16,10,gsm8k,4.244823751971126,512,False,31,480,480,496,8.290671390568605,8.843382816606512
gemma4,h2_d16,2,16,11,ultra_feedback,8.728549979627132,512,False,75,441,437,1200,17.047949178959243,19.973798580382454
gemma4,h2_d16,2,16,12,human_eval,6.1226097866892815,512,False,53,474,459,848,11.958222239627503,13.339019143113903
gemma4,h2_d16,2,16,13,alpaca,3.656791139394045,512,False,33,480,479,528,7.142170194128994,7.634219497691117
gemma4,h2_d16,2,16,14,gsm8k,5.2125245574861765,512,False,45,477,467,720,10.180712026340188,11.161722821169542
gemma4,h2_d16,2,16,15,ultra_feedback,3.7235232777893543,512,False,32,483,480,512,7.272506401932333,7.757340162061155
gemma4,h4_d16,4,16,0,human_eval,3.8993072025477886,512,False,32,481,480,512,7.61583437997615,8.12355667197456
gemma4,h4_d16,4,16,1,alpaca,3.760599547997117,512,False,31,482,481,496,7.344920992181869,7.818294278580285
gemma4,h4_d16,4,16,2,gsm8k,4.741326155140996,512,False,33,488,479,528,9.260402646759758,9.89838445749686
gemma4,h4_d16,4,16,3,ultra_feedback,5.075815640389919,512,False,34,491,478,544,9.913702422636561,10.618861172363848
gemma4,h4_d16,4,16,4,human_eval,5.717573720961809,512,False,47,477,465,752,11.167136173753534,12.295857464433999
gemma4,h4_d16,4,16,5,alpaca,4.275778150185943,512,False,35,490,477,560,8.35112919958192,8.963895493052291
gemma4,h4_d16,4,16,6,gsm8k,3.819001166149974,512,True,31,490,481,496,7.458986652636668,7.9397113641371595
gemma4,h4_d16,4,16,7,ultra_feedback,5.153966395184398,512,False,36,486,476,576,10.066340615594527,10.827660494084869
gemma4,h4_d16,4,16,8,human_eval,4.997936921194196,512,True,35,488,477,560,9.761595549207414,10.47785518070062
gemma4,h4_d16,4,16,9,alpaca,3.743961663916707,512,True,31,496,481,496,7.312425124837318,7.783704082986917
gemma4,h4_d16,4,16,10,gsm8k,4.497274229303002,512,False,31,480,480,496,8.783738729107426,9.369321311047921
gemma4,h4_d16,4,16,11,ultra_feedback,6.6722845528274775,512,False,54,458,458,864,13.031805767241167,14.568306883902789
gemma4,h4_d16,4,16,12,human_eval,5.3961071614176035,512,False,44,483,468,704,10.539271799643757,11.530143507302572
gemma4,h4_d16,4,16,13,alpaca,3.7548024356365204,512,False,32,480,480,512,7.333598507102579,7.822505074242751
gemma4,h4_d16,4,16,14,gsm8k,5.374627148732543,512,False,44,478,468,704,10.497318649868248,11.484246044300306
gemma4,h4_d16,4,16,15,ultra_feedback,3.8062584437429905,512,False,31,484,481,496,7.434098522935528,7.913219217760895
gemma4,h8_d4,8,4,0,human_eval,4.442834788933396,512,False,103,411,409,412,8.67741169713554,10.862676745558426
gemma4,h8_d4,8,4,1,alpaca,4.3637476824223995,512,False,103,412,409,412,8.522944692231249,10.669309736974082
gemma4,h8_d4,8,4,2,gsm8k,4.913920534774661,512,False,104,411,408,416,9.59750104448176,12.04392287934966
gemma4,h8_d4,8,4,3,ultra_feedback,5.3344073202461,512,False,103,410,409,412,10.418764297355665,13.04256068519829
gemma4,h8_d4,8,4,4,human_eval,4.412603905424476,512,False,103,408,408,412,8.618367002782179,10.815205650550185
gemma4,h8_d4,8,4,5,alpaca,4.201153879985213,512,False,103,412,409,412,8.20537867184612,10.271769877714458
gemma4,h8_d4,8,4,6,gsm8k,5.094639927148819,512,True,103,412,409,412,9.950468607712537,12.45633234021716
gemma4,h8_d4,8,4,7,ultra_feedback,5.258642550557852,512,False,106,408,406,424,10.270786231558304,12.952321553098157
gemma4,h8_d4,8,4,8,human_eval,5.014757143333554,512,True,103,412,409,412,9.794447545573348,12.261019910350988
gemma4,h8_d4,8,4,9,alpaca,4.358036365360022,512,False,103,408,408,412,8.511789776093792,10.681461679803974
gemma4,h8_d4,8,4,10,gsm8k,5.0370723605155945,512,False,103,412,409,412,9.83803195413202,12.31558034355891
gemma4,h8_d4,8,4,11,ultra_feedback,4.49063634313643,512,False,105,410,407,420,8.77077410768834,11.033504528590736
gemma4,h8_d4,8,4,12,human_eval,4.417437927797437,512,False,103,412,409,412,8.627808452729369,10.80058173055608
gemma4,h8_d4,8,4,13,alpaca,4.076306011527777,512,False,103,412,409,412,7.961535178765189,9.966518365593586
gemma4,h8_d4,8,4,14,gsm8k,4.709061296656728,512,False,112,400,400,448,9.197385345032671,11.77265324164182
gemma4,h8_d4,8,4,15,ultra_feedback,4.362312592566013,512,True,103,408,408,412,8.520141782355495,10.691942628838268
gemma4,h8_d16,8,16,0,human_eval,4.327294923365116,512,False,31,491,481,496,8.451747897197492,8.996455142131218
gemma4,h8_d16,8,16,1,alpaca,4.203493520617485,512,False,31,482,481,496,8.209948282456025,8.73907176843552
gemma4,h8_d16,8,16,2,gsm8k,5.049103163182735,512,False,32,487,480,512,9.86152961559128,10.518964923297366
gemma4,h8_d16,8,16,3,ultra_feedback,5.150230819359422,512,False,31,488,481,496,10.05904456906137,10.707340580788818
gemma4,h8_d16,8,16,4,human_eval,4.395362393930554,512,False,32,490,480,512,8.584692175645614,9.157004987355322
gemma4,h8_d16,8,16,5,alpaca,4.204228147864342,512,False,31,496,481,496,8.211383101297542,8.740599060009027
gemma4,h8_d16,8,16,6,gsm8k,4.4323134161531925,512,False,32,486,480,512,8.656862140924204,9.233986283652484
gemma4,h8_d16,8,16,7,ultra_feedback,4.889497607946396,512,False,31,483,481,496,9.549800015520304,10.16527569219625
gemma4,h8_d16,8,16,8,human_eval,5.062745630741119,512,False,32,483,480,512,9.888175060041249,10.547386730710665
gemma4,h8_d16,8,16,9,alpaca,4.192610586062074,512,True,31,496,481,496,8.188692550902488,8.716446124869176
gemma4,h8_d16,8,16,10,gsm8k,4.882745109498501,512,False,31,496,481,496,9.53661154198926,10.151237233884617
gemma4,h8_d16,8,16,11,ultra_feedback,4.490439331158996,512,False,32,479,479,512,8.770389318669913,9.374612382377862
gemma4,h8_d16,8,16,12,human_eval,4.270452627912164,512,False,31,496,481,496,8.340727788890945,8.87827989170928
gemma4,h8_d16,8,16,13,alpaca,4.104351447895169,512,False,31,496,481,496,8.016311421670252,8.53295519312925
gemma4,h8_d16,8,16,14,gsm8k,4.834235828369856,512,False,35,478,477,560,9.441866852284875,10.134666306855044
gemma4,h8_d16,8,16,15,ultra_feedback,4.266268528997898,512,False,31,496,481,496,8.33255572069902,8.869581141367771
gemma4,h2_d4,2,4,0,human_eval,3.891535848379135,512,False,105,407,407,420,7.600655953865498,9.561513140980676
gemma4,h2_d4,2,4,1,alpaca,3.7628006897866726,512,False,104,409,408,416,7.349220097239595,9.222550710261453
gemma4,h2_d4,2,4,2,gsm8k,5.156929234042764,512,False,123,388,388,492,10.072127410239773,13.29105472691434
gemma4,h2_d4,2,4,3,ultra_feedback,4.885935274884105,512,False,108,404,404,432,9.542842333758017,12.093899195257684
gemma4,h2_d4,2,4,4,human_eval,4.014020906761289,512,False,109,403,403,436,7.839884583518142,9.960349644568954
gemma4,h2_d4,2,4,5,alpaca,3.733689969405532,512,False,103,412,409,412,7.2923632214951795,9.12882633106487
gemma4,h2_d4,2,4,6,gsm8k,4.579421116039157,512,False,107,408,405,428,8.944181867263978,11.30721263219545
gemma4,h2_d4,2,4,7,ultra_feedback,4.724306980147958,512,False,109,403,403,436,9.22716207060148,11.722846104585503
gemma4,h2_d4,2,4,8,human_eval,4.862031085416675,512,False,113,402,399,452,9.496154463704443,12.185541567460337
gemma4,h2_d4,2,4,9,alpaca,3.7163496036082506,512,False,103,408,408,412,7.2584953195473645,9.108700008843751
gemma4,h2_d4,2,4,10,gsm8k,4.401999793946743,512,False,104,409,408,416,8.597655847552232,10.789215181242017
gemma4,h2_d4,2,4,11,ultra_feedback,4.649728436022997,512,False,127,385,385,508,9.081500851607416,12.07721671694285
gemma4,h2_d4,2,4,12,human_eval,4.4170865546911955,512,False,120,392,392,480,8.627122177131241,11.268077945640805
gemma4,h2_d4,2,4,13,alpaca,3.5196942631155252,512,False,103,408,408,412,6.87440285764751,8.62670162528315
gemma4,h2_d4,2,4,14,gsm8k,4.005169369280338,512,False,110,402,402,440,7.822596424375661,9.963107883781936
gemma4,h2_d4,2,4,15,ultra_feedback,3.8383350241929293,512,False,105,408,407,420,7.496748094126815,9.430798585240613
gemma4,h8_d32,8,32,0,human_eval,4.6486023515462875,512,False,17,522,495,544,9.079301467863843,9.391115861709672
gemma4,h8_d32,8,32,1,alpaca,4.297348631545901,512,False,16,512,496,512,8.393259045988088,8.664009337794155
gemma4,h8_d32,8,32,2,gsm8k,5.135580072179437,512,False,19,495,493,608,10.030429828475462,10.416998118011028
gemma4,h8_d32,8,32,3,ultra_feedback,5.3477479591965675,512,False,17,496,495,544,10.444820232805796,10.803531230700136
gemma4,h8_d32,8,32,4,human_eval,5.633223440498114,512,False,21,521,491,672,11.002389532222878,11.472960163947278
gemma4,h8_d32,8,32,5,alpaca,4.295126711949706,512,False,16,512,496,512,8.38891935927677,8.659529661188923
gemma4,h8_d32,8,32,6,gsm8k,4.865011431276798,512,False,18,516,494,576,9.501975451712497,9.848201277888256
gemma4,h8_d32,8,32,7,ultra_feedback,5.364197572693229,512,False,18,507,494,576,10.476948384166462,10.858699539864835
gemma4,h8_d32,8,32,8,human_eval,5.171716222539544,512,False,17,510,495,544,10.101008247147547,10.447911560685947
gemma4,h8_d32,8,32,9,alpaca,4.283440511673689,512,True,16,512,496,512,8.366094749362674,8.635968773535662
gemma4,h8_d32,8,32,10,gsm8k,4.326265117153525,512,False,16,512,496,512,8.44973655694048,8.722308703938559
gemma4,h8_d32,8,32,11,ultra_feedback,5.16336365789175,512,False,19,513,493,608,10.084694644319825,10.473354275642496
gemma4,h8_d32,8,32,12,human_eval,5.160697795450687,512,False,19,508,493,608,10.079487881739624,10.467946846755959
gemma4,h8_d32,8,32,13,alpaca,4.232117036357522,512,False,16,512,496,512,8.265853586635785,8.532494024914358
gemma4,h8_d32,8,32,14,gsm8k,5.353102523833513,512,False,20,496,492,640,10.45527836686233,10.880289682588442
gemma4,h8_d32,8,32,15,ultra_feedback,4.336673142388463,512,False,16,512,496,512,8.470064731227467,8.74329262578319
gemma4,h4_d8,4,8,0,human_eval,3.8736404683440924,512,False,59,453,453,472,7.565704039734555,8.551082711576363
gemma4,h4_d8,4,8,1,alpaca,3.8212419040501118,512,False,58,458,454,464,7.4633630938478746,8.416832387775576
gemma4,h4_d8,4,8,2,gsm8k,4.607304751873016,512,False,58,461,454,464,8.998642093501985,10.148248352143208
gemma4,h4_d8,4,8,3,ultra_feedback,4.88823332823813,512,False,59,458,453,472,9.547330719215097,10.790802049090793
gemma4,h4_d8,4,8,4,human_eval,4.384595472365618,512,False,67,451,445,536,8.563663031964097,9.853023533405883
gemma4,h4_d8,4,8,5,alpaca,4.034862533211708,512,False,61,458,451,488,7.880590885179117,8.946480117986049
gemma4,h4_d8,4,8,6,gsm8k,4.498212577775121,512,True,57,456,455,456,8.785571440967033,9.88618148961565
gemma4,h4_d8,4,8,7,ultra_feedback,5.026518229395151,512,False,64,450,448,512,9.817418416787405,11.219906762042749
gemma4,h4_d8,4,8,8,human_eval,4.663433339446783,512,True,60,451,451,480,9.108268241106998,10.34020696107934
gemma4,h4_d8,4,8,9,alpaca,3.736353823915124,512,True,57,456,455,456,7.2975660623342264,8.211766645967305
gemma4,h4_d8,4,8,10,gsm8k,4.514843178912997,512,False,58,456,454,464,8.818053083814448,9.944588499808363
gemma4,h4_d8,4,8,11,ultra_feedback,4.3897698149085045,512,False,66,445,445,528,8.573769169743173,9.864651269457314
gemma4,h4_d8,4,8,12,human_eval,4.637307051569223,512,False,69,442,442,552,9.05724033509614,10.491644913052541
gemma4,h4_d8,4,8,13,alpaca,3.6848224997520447,512,False,59,456,453,472,7.196918944828212,8.134266003867648
gemma4,h4_d8,4,8,14,gsm8k,4.324833245947957,512,False,66,451,446,528,8.446939933492104,9.696935529031293
gemma4,h4_d8,4,8,15,ultra_feedback,3.8481259495019913,512,False,57,456,455,456,7.515870995121077,8.457419669235145
gemma4,h6_d16,6,16,0,human_eval,4.63045971095562,512,False,35,477,477,560,9.043866622960195,9.707462706405911
gemma4,h6_d16,6,16,1,alpaca,4.123279567807913,512,False,32,481,480,512,8.05328040587483,8.590165766266486
gemma4,h6_d16,6,16,2,gsm8k,5.10468577966094,512,False,34,480,478,544,9.970089413400274,10.679258953265565
gemma4,h6_d16,6,16,3,ultra_feedback,5.219844037666917,512,False,33,484,479,528,10.195007886068197,10.897377949200244
gemma4,h6_d16,6,16,4,human_eval,4.69781612791121,512,False,36,486,476,576,9.175422124826582,9.869361613258844
gemma4,h6_d16,6,16,5,alpaca,4.000417174771428,512,False,31,496,481,496,7.8133147944754455,8.316875623225423
gemma4,h6_d16,6,16,6,gsm8k,4.3674387112259865,512,False,34,485,478,544,8.530153732863255,9.136901069510431
gemma4,h6_d16,6,16,7,ultra_feedback,4.819809237495065,512,False,32,492,480,512,9.413689916982548,10.041269244781384
gemma4,h6_d16,6,16,8,human_eval,5.26026614010334,512,False,35,483,477,560,10.273957304889336,11.02781161447241
gemma4,h6_d16,6,16,9,alpaca,3.9845651164650917,512,True,31,480,480,496,7.782353743095882,8.301177325968942
gemma4,h6_d16,6,16,10,gsm8k,4.670526474714279,512,False,31,496,481,496,9.122122020926327,9.710034250965238
gemma4,h6_d16,6,16,11,ultra_feedback,5.880373345687985,512,False,45,469,467,720,11.485104190796847,12.591805879417528
gemma4,h6_d16,6,16,12,human_eval,5.507815083488822,512,False,42,471,470,672,10.757451334939105,11.718755496784727
gemma4,h6_d16,6,16,13,alpaca,3.8962760847061872,512,False,31,496,481,496,7.609914227941772,8.100366080470243
gemma4,h6_d16,6,16,14,gsm8k,4.602869316935539,512,False,35,491,477,560,8.989979134639725,9.649621209508467
gemma4,h6_d16,6,16,15,ultra_feedback,4.053549129515886,512,False,31,496,481,496,7.917088143585715,8.427337067600595
gemma4,h4_d32,4,32,0,human_eval,4.580389576032758,512,False,19,516,493,608,8.94607339068898,9.290851067003565
gemma4,h4_d32,4,32,1,alpaca,4.2443657126277685,512,False,18,523,494,576,8.28977678247611,8.591833426372
gemma4,h4_d32,4,32,2,gsm8k,5.180527579039335,512,False,22,509,490,704,10.118217927811202,10.572505263345581
gemma4,h4_d32,4,32,3,ultra_feedback,5.779153920710087,512,False,21,516,491,672,11.287410001386888,11.770170917943151
gemma4,h4_d32,4,32,4,human_eval,5.223273489624262,512,False,22,502,490,704,10.201706034422386,10.659741815559718
gemma4,h4_d32,4,32,5,alpaca,4.925694208592176,512,False,21,522,491,672,9.620496501156595,10.031963764953517
gemma4,h4_d32,4,32,6,gsm8k,4.065961517393589,512,True,17,522,495,544,7.9413310886593536,8.2140636715022
gemma4,h4_d32,4,32,7,ultra_feedback,6.478226650506258,512,False,25,496,487,800,12.652786426770035,13.302313450731535
gemma4,h4_d32,4,32,8,human_eval,6.881925852969289,512,False,27,502,485,864,13.441261431580642,14.189537841173792
gemma4,h4_d32,4,32,9,alpaca,3.778234425932169,512,True,16,512,496,512,7.3793641131487675,7.617408116798727
gemma4,h4_d32,4,32,10,gsm8k,4.051490610465407,512,False,17,512,495,544,7.913067598565249,8.184829516091732
gemma4,h4_d32,4,32,11,ultra_feedback,7.98657420091331,512,False,34,489,478,1088,15.598777736158809,16.708314227852114
gemma4,h4_d32,4,32,12,human_eval,8.465773975476623,512,False,36,490,476,1152,16.53471479585278,17.78523944427862
gemma4,h4_d32,4,32,13,alpaca,4.162590472027659,512,False,18,513,494,576,8.130059515679022,8.426296502080282
gemma4,h4_d32,4,32,14,gsm8k,9.040447555482388,512,False,39,490,473,1248,17.657124131801538,19.11299694605156
gemma4,h4_d32,4,32,15,ultra_feedback,3.832637434825301,512,False,16,512,496,512,7.485619989893166,7.727091602470365
gemma4,h6_d8,6,8,0,human_eval,4.398787030950189,512,False,62,451,450,496,8.591380919824587,9.77508229100042
gemma4,h6_d8,6,8,1,alpaca,4.12899300083518,512,False,59,458,453,472,8.064439454756211,9.114774836280752
gemma4,h6_d8,6,8,2,gsm8k,5.003166468814015,512,False,61,452,451,488,9.771809509402374,11.093495496261674
gemma4,h6_d8,6,8,3,ultra_feedback,5.458804797381163,512,False,64,448,448,512,10.661728119885083,12.184832137011524
gemma4,h6_d8,6,8,4,human_eval,4.514529785141349,512,False,64,447,447,512,8.817440986604197,10.099619206132772
gemma4,h6_d8,6,8,5,alpaca,3.9640010856091976,512,False,57,456,455,456,7.742189620330464,8.712090298042192
gemma4,h6_d8,6,8,6,gsm8k,4.704725591465831,512,True,57,456,455,456,9.1889171708317,10.340056244979849
gemma4,h6_d8,6,8,7,ultra_feedback,5.406011750921607,512,False,67,450,445,536,10.558616701018764,12.148341013306982
gemma4,h6_d8,6,8,8,human_eval,5.181690515950322,512,False,63,450,449,504,10.120489288965473,11.540513398553056
gemma4,h6_d8,6,8,9,alpaca,4.013105656951666,512,True,58,456,454,464,7.838096986233722,8.83943977302129
gemma4,h6_d8,6,8,10,gsm8k,4.635114582255483,512,False,57,456,455,456,9.05295816846774,10.187065015946116
gemma4,h6_d8,6,8,11,ultra_feedback,5.190705573186278,512,False,73,440,439,584,10.13809682262945,11.823930690629336
gemma4,h6_d8,6,8,12,human_eval,5.063799139112234,512,False,71,443,441,568,9.890232693578582,11.48253773041323
gemma4,h6_d8,6,8,13,alpaca,3.798529913648963,512,False,57,456,455,456,7.419003737595631,8.348417392635083
gemma4,h6_d8,6,8,14,gsm8k,4.607223844155669,512,False,65,447,447,520,8.998484070616541,10.306988465672639
gemma4,h6_d8,6,8,15,ultra_feedback,4.0524690337479115,512,False,57,456,455,456,7.91497858153889,8.906525348896508
gemma4,h6_d32,6,32,0,human_eval,4.826403988525271,512,False,19,497,493,608,9.42657029008842,9.789866102485338
gemma4,h6_d32,6,32,1,alpaca,4.252230495214462,512,False,17,512,495,544,8.305137685965747,8.590364636796894
gemma4,h6_d32,6,32,2,gsm8k,4.784867012873292,512,False,19,508,493,608,9.345443384518148,9.705612602177062
gemma4,h6_d32,6,32,3,ultra_feedback,6.763650558888912,512,False,24,503,488,768,13.210254997829907,13.85993966985433
gemma4,h6_d32,6,32,4,human_eval,5.271345108747482,512,False,21,496,491,672,10.295595915522426,10.735937085025423
gemma4,h6_d32,6,32,5,alpaca,4.011671165004373,512,False,16,512,496,512,7.835295244149165,8.088046703637849
gemma4,h6_d32,6,32,6,gsm8k,4.78650957532227,512,False,19,516,493,608,9.34865151430131,9.708944371850446
gemma4,h6_d32,6,32,7,ultra_feedback,8.997768646106124,512,False,34,480,478,1088,17.573766886926023,18.823783778464694
gemma4,h6_d32,6,32,8,human_eval,6.328417228534818,512,False,23,498,489,736,12.360189899482066,12.941548524611079
gemma4,h6_d32,6,32,9,alpaca,4.235491078346968,512,True,17,512,495,544,8.272443512396421,8.556547633024177
gemma4,h6_d32,6,32,10,gsm8k,4.04104658216238,512,False,16,512,496,512,7.892669105785899,8.147271335004799
gemma4,h6_d32,6,32,11,ultra_feedback,7.745517848059535,512,False,31,499,481,992,15.12796454699128,16.102947709063482
gemma4,h6_d32,6,32,12,human_eval,7.705453008413315,512,False,31,510,481,992,15.049712907057256,16.019652824144107
gemma4,h6_d32,6,32,13,alpaca,3.949107823893428,512,False,16,512,496,512,7.713101218541851,7.961910935269008
gemma4,h6_d32,6,32,14,gsm8k,4.752338344231248,512,False,19,511,493,608,9.281910828576656,9.639631529880827
gemma4,h6_d32,6,32,15,ultra_feedback,4.051102684810758,512,False,16,512,496,512,7.912309931271011,8.16754573550556
gemma4,h8_d8,8,8,0,human_eval,4.330795031040907,512,False,57,456,455,456,8.458584045001771,9.518230837452542
gemma4,h8_d8,8,8,1,alpaca,4.233717272058129,512,False,57,456,455,456,8.268979046988534,9.304873125402482
gemma4,h8_d8,8,8,2,gsm8k,5.148091962561011,512,False,59,458,453,472,10.054867114376975,11.364441418456979
gemma4,h8_d8,8,8,3,ultra_feedback,5.27416623942554,512,False,57,455,455,456,10.301105936378008,11.591574152583604
gemma4,h8_d8,8,8,4,human_eval,4.478812659159303,512,False,59,457,453,472,8.747680974920513,9.887003662603318
gemma4,h8_d8,8,8,5,alpaca,4.2621326837688684,512,False,57,456,455,456,8.324477897986071,9.367324579711799
gemma4,h8_d8,8,8,6,gsm8k,4.965499360114336,512,True,57,456,455,456,9.698240937723313,10.913185406844695
gemma4,h8_d8,8,8,7,ultra_feedback,5.4618188906461,512,False,63,451,449,504,10.667615020793164,12.164407328833185
gemma4,h8_d8,8,8,8,human_eval,4.931647166609764,512,True,57,456,455,456,9.632123372284696,10.838784981559922
gemma4,h8_d8,8,8,9,alpaca,4.213312778621912,512,True,57,456,455,456,8.229126520745922,9.260028084883324
gemma4,h8_d8,8,8,10,gsm8k,4.908556874841452,512,False,57,456,455,456,9.58702514617471,10.78803708756363
gemma4,h8_d8,8,8,11,ultra_feedback,4.468027150258422,512,False,60,459,452,480,8.72661552784848,9.8850158191558
gemma4,h8_d8,8,8,12,human_eval,4.342157915234566,512,False,57,454,454,456,8.480777178192511,9.564224482895519
gemma4,h8_d8,8,8,13,alpaca,4.040467165410519,512,False,57,456,455,456,7.891537432442419,8.880147616286854
gemma4,h8_d8,8,8,14,gsm8k,4.59972969815135,512,False,61,456,451,488,8.983847066701856,10.198957202109424
gemma4,h8_d8,8,8,15,ultra_feedback,4.318608671426773,512,False,57,456,455,456,8.434782561380416,9.491447629509391
gemma4,ar_end,0,0,0,human_eval,4.733962612226605,512,False,0,0,0,0,9.246020727005089,
gemma4,ar_end,0,0,1,alpaca,5.387384165078402,512,False,0,0,0,0,10.522234697418753,
gemma4,ar_end,0,0,2,gsm8k,5.595447156578302,512,False,0,0,0,0,10.928607727691997,
gemma4,ar_end,0,0,3,ultra_feedback,5.602316400036216,512,False,0,0,0,0,10.942024218820734,
gemma4,ar_end,0,0,4,human_eval,5.6056563295423985,512,False,0,0,0,0,10.948547518637497,
gemma4,ar_end,0,0,5,alpaca,5.3500077947974205,512,False,0,0,0,0,10.449233974213712,
gemma4,ar_end,0,0,6,gsm8k,5.552882347255945,512,True,0,0,0,0,10.845473334484268,
gemma4,ar_end,0,0,7,ultra_feedback,5.568402772769332,512,False,0,0,0,0,10.875786665565101,
gemma4,ar_end,0,0,8,human_eval,5.567318007349968,512,False,0,0,0,0,10.873667983105406,
gemma4,ar_end,0,0,9,alpaca,5.542171319946647,512,False,0,0,0,0,10.824553359270794,
gemma4,ar_end,0,0,10,gsm8k,5.562334332615137,512,False,0,0,0,0,10.86393424338894,
gemma4,ar_end,0,0,11,ultra_feedback,5.577327102422714,512,False,0,0,0,0,10.893216996919364,
gemma4,ar_end,0,0,12,human_eval,5.563704231753945,512,False,0,0,0,0,10.866609827644425,
gemma4,ar_end,0,0,13,alpaca,5.540798498317599,512,False,0,0,0,0,10.821872067026561,
gemma4,ar_end,0,0,14,gsm8k,5.551688440144062,512,False,0,0,0,0,10.843141484656371,
gemma4,ar_end,0,0,15,ultra_feedback,5.5481253154575825,512,False,0,0,0,0,10.83618225675309,
